Employee_ID,Name,Department,Job_Title,Salary,Experience_Years,Performance_Score,Join_Date
EMP1000,Employee_0,Marketing,Analyst,,,3,3/30/2018
EMP1001,Employee_1,Marketing,Coordinator,"$70,000 ",5,3,
EMP1002,Employee_2,Customer Support,Manager,,15,1,6/25/2019
EMP1003,Employee_3,Finance,Specialist,,20,5,1/10/2020
EMP1004,Employee_4,Sales,Analyst,"$150,000 ",15,1,1/10/2020
EMP1005,Employee_5,Marketing,Executive,"$50,000 ",3,2,7/20/2017
EMP1006,Employee_6,Finance,Engineer,,20,3,1/10/2020
EMP1007,Employee_7,Engineering,Specialist,"$45,000 ",1,3,3/30/2018
EMP1008,Employee_8,Marketing,Engineer,"$50,000 ",10,1,
EMP1009,Employee_9,Sales,Coordinator,Unknown,5,4,3/30/2018
EMP1010,Employee_10,Finance,coordinator,"$45,000 ",5,1,6/25/2019
EMP1011,Employee_11,Finance,Engineer,"$120,000 ",3,,9/15/2021
EMP1012,Employee_12,Finance,Coordinator,"$45,000 ",15,4,9/15/2021
EMP1013,Employee_13,Finance,Engineer,"$60,000 ",3,4,6/25/2019
EMP1014,Employee_14,Customer Support,Engineer,"$120,000 ",3,2,3/30/2018
EMP1015,Employee_15,Sales,Executive,"$50,000 ",5,1,9/15/2021
EMP1016,Employee_16,HR,Coordinator,,10,5,
EMP1017,Employee_17,Customer Support,Coordinator,"$60,000 ",,1,1/10/2020
EMP1018,Employee_18,Marketing,Analyst,"$50,000 ",15,1,6/25/2019
EMP1019,Employee_19,Finance,Engineer,"$50,000 ",15,1,
EMP1020,Employee_20,Sales,Engineer,"$150,000 ",5,1,7/20/2017
EMP1021,Employee_21,Customer Support,Analyst,"$150,000 ",1,5,3/30/2018
EMP1022,Employee_22,Marketing,Manager,"$45,000 ",15,5,1/10/2020
EMP1023,Employee_23,Sales,specialist,,1,2,9/15/2021
EMP1024,Employee_24,Customer Support,Coordinator,"$150,000 ",10,3,3/30/2018
EMP1025,Employee_25,Marketing,Manager,"$70,000 ",10,2,9/15/2021
EMP1026,Employee_26,Finance,Executive,"$70,000 ",5,,7/20/2017
EMP1027,Employee_27,Finance,Manager,"$45,000 ",1,,3/30/2018
EMP1028,Employee_28,Customer Support,Executive,"$70,000 ",5,5,9/15/2021
EMP1029,Employee_29,Customer Support,Analyst,Unknown,15,4,6/25/2019
EMP1030,Employee_30,HR,manager,"$45,000 ",3,1,1/10/2020
EMP1031,Employee_31,Finance,Executive,"$70,000 ",15,1,1/10/2020
EMP1032,Employee_32,Sales,Analyst,"$45,000 ",10,4,1/10/2020
EMP1033,Employee_33,Customer Support,Analyst,"$60,000 ",20,2,1/10/2020
EMP1034,Employee_34,Customer Support,Engineer,"$150,000 ",10,1,6/25/2019
EMP1035,Employee_35,Engineering,Manager,"$120,000 ",3,3,3/30/2018
EMP1036,Employee_36,Customer Support,Executive,"$120,000 ",1,2,1/10/2020
EMP1037,Employee_37,Marketing,Manager,"$70,000 ",15,2,1/10/2020
EMP1038,Employee_38,Customer Support,Analyst,,5,4,6/25/2019
EMP1039,Employee_39,Finance,manager,"$45,000 ",1,2,6/25/2019
EMP1040,Employee_40,Marketing,Specialist,"$150,000 ",5,1,6/25/2019
EMP1041,Employee_41,HR,Engineer,"$50,000 ",,1,6/25/2019
EMP1042,Employee_42,Marketing,Manager,Unknown,,,1/10/2020
EMP1043,Employee_43,Customer Support,Coordinator,"$60,000 ",15,,1/10/2020
EMP1044,Employee_44,HR,Executive,"$45,000 ",1,5,7/20/2017
EMP1045,Employee_45,Sales,Coordinator,"$50,000 ",1,,
EMP1046,Employee_46,HR,Coordinator,"$45,000 ",3,4,
EMP1047,Employee_47,Customer Support,Engineer,Unknown,15,1,7/20/2017
EMP1048,Employee_48,Marketing,Coordinator,"$70,000 ",20,1,1/10/2020
EMP1049,Employee_49,Marketing,Coordinator,"$50,000 ",3,5,7/20/2017
EMP1050,Employee_50,Finance,Manager,,20,5,7/20/2017
EMP1051,Employee_51,Engineering,Manager,"$120,000 ",1,,6/25/2019
EMP1052,Employee_52,Sales,Specialist,"$150,000 ",20,4,9/15/2021
EMP1053,Employee_53,Marketing,Executive,"$150,000 ",20,3,1/10/2020
EMP1054,Employee_54,Marketing,analyst,"$60,000 ",3,,7/20/2017
EMP1055,Employee_55,Engineering,Specialist,"$45,000 ",1,3,3/30/2018
EMP1056,Employee_56,HR,Manager,Unknown,5,5,6/25/2019
EMP1057,Employee_57,HR,Engineer,"$50,000 ",5,1,9/15/2021
EMP1058,Employee_58,HR,Coordinator,"$60,000 ",,,1/10/2020
EMP1059,Employee_59,Sales,coordinator,,5,3,9/15/2021
EMP1060,Employee_60,Customer Support,Analyst,"$50,000 ",20,4,1/10/2020
EMP1061,Employee_61,HR,Executive,"$60,000 ",5,3,7/20/2017
EMP1062,Employee_62,Customer Support,Executive,"$150,000 ",3,,7/20/2017
EMP1063,Employee_63,Finance,engineer,"$120,000 ",1,4,
EMP1064,Employee_64,HR,Coordinator,,5,2,6/25/2019
EMP1065,Employee_65,HR,Manager,"$60,000 ",10,3,9/15/2021
EMP1066,Employee_66,HR,engineer,Unknown,20,4,7/20/2017
EMP1067,Employee_67,Engineering,coordinator,"$120,000 ",,5,7/20/2017
EMP1068,Employee_68,Engineering,Specialist,"$70,000 ",10,4,1/10/2020
EMP1069,Employee_69,HR,Manager,"$50,000 ",10,5,7/20/2017
EMP1070,Employee_70,Marketing,coordinator,Unknown,10,1,1/10/2020
EMP1071,Employee_71,Engineering,Analyst,"$70,000 ",3,,1/10/2020
EMP1072,Employee_72,Finance,Analyst,,10,,1/10/2020
EMP1073,Employee_73,Engineering,Specialist,"$150,000 ",20,2,7/20/2017
EMP1074,Employee_74,Marketing,Specialist,,3,4,7/20/2017
EMP1075,Employee_75,Marketing,Engineer,"$120,000 ",1,5,1/10/2020
EMP1076,Employee_76,Engineering,manager,"$70,000 ",20,3,7/20/2017
EMP1077,Employee_77,Finance,Manager,,,4,9/15/2021
EMP1078,Employee_78,Customer Support,Specialist,"$70,000 ",,2,7/20/2017
EMP1079,Employee_79,Customer Support,Analyst,,5,5,7/20/2017
EMP1080,Employee_80,Finance,Manager,"$45,000 ",3,2,9/15/2021
EMP1081,Employee_81,Engineering,Engineer,"$70,000 ",,3,6/25/2019
EMP1082,Employee_82,Sales,Analyst,"$50,000 ",1,,3/30/2018
EMP1083,Employee_83,Customer Support,Engineer,"$150,000 ",3,2,7/20/2017
EMP1084,Employee_84,Finance,Analyst,"$50,000 ",20,2,1/10/2020
EMP1085,Employee_85,Marketing,Executive,"$150,000 ",1,2,6/25/2019
EMP1086,Employee_86,Engineering,Manager,"$70,000 ",15,,
EMP1087,Employee_87,Marketing,Manager,"$150,000 ",1,5,
EMP1088,Employee_88,Sales,executive,"$150,000 ",1,1,9/15/2021
EMP1089,Employee_89,Customer Support,Engineer,"$60,000 ",,3,
EMP1090,Employee_90,Marketing,Specialist,"$45,000 ",10,2,
EMP1091,Employee_91,Customer Support,Specialist,,20,1,9/15/2021
EMP1092,Employee_92,Customer Support,Executive,"$45,000 ",10,4,6/25/2019
EMP1093,Employee_93,Sales,Coordinator,,,4,7/20/2017
EMP1094,Employee_94,Marketing,Executive,"$70,000 ",20,4,7/20/2017
EMP1095,Employee_95,HR,Manager,"$120,000 ",10,,6/25/2019
EMP1096,Employee_96,Customer Support,analyst,"$45,000 ",5,5,
EMP1097,Employee_97,Sales,Engineer,"$60,000 ",1,3,3/30/2018
EMP1098,Employee_98,HR,Coordinator,"$60,000 ",10,2,
EMP1099,Employee_99,Engineering,Coordinator,"$60,000 ",3,4,6/25/2019
EMP1100,Employee_100,Engineering,Specialist,"$60,000 ",,4,
EMP1101,Employee_101,Sales,engineer,"$60,000 ",,4,9/15/2021
EMP1102,Employee_102,Marketing,Specialist,,10,2,6/25/2019
EMP1103,Employee_103,Customer Support,Specialist,,1,5,3/30/2018
EMP1104,Employee_104,Sales,Coordinator,"$120,000 ",10,2,3/30/2018
EMP1105,Employee_105,Marketing,Analyst,"$150,000 ",1,1,9/15/2021
EMP1106,Employee_106,Customer Support,Engineer,"$60,000 ",5,5,
EMP1107,Employee_107,Sales,manager,"$150,000 ",20,,9/15/2021
EMP1108,Employee_108,Finance,Coordinator,,1,,7/20/2017
EMP1109,Employee_109,Marketing,Coordinator,"$60,000 ",10,1,3/30/2018
EMP1110,Employee_110,HR,Specialist,"$70,000 ",3,1,9/15/2021
EMP1111,Employee_111,Engineering,Analyst,Unknown,10,2,3/30/2018
EMP1112,Employee_112,Engineering,Engineer,"$60,000 ",5,3,9/15/2021
EMP1113,Employee_113,Marketing,Manager,"$120,000 ",20,3,
EMP1114,Employee_114,Engineering,Engineer,"$50,000 ",20,5,
EMP1115,Employee_115,Finance,Executive,,1,4,6/25/2019
EMP1116,Employee_116,HR,Analyst,"$150,000 ",,5,7/20/2017
EMP1117,Employee_117,HR,Analyst,"$45,000 ",10,2,1/10/2020
EMP1118,Employee_118,Customer Support,Engineer,,20,4,6/25/2019
EMP1119,Employee_119,Engineering,Analyst,"$60,000 ",1,2,1/10/2020
EMP1120,Employee_120,Sales,Coordinator,,20,,7/20/2017
EMP1121,Employee_121,Customer Support,Analyst,"$150,000 ",3,4,6/25/2019
EMP1122,Employee_122,Finance,Executive,"$45,000 ",3,,
EMP1123,Employee_123,Marketing,Coordinator,,1,,3/30/2018
EMP1124,Employee_124,Customer Support,Specialist,"$150,000 ",,2,1/10/2020
EMP1125,Employee_125,Finance,Executive,,20,5,1/10/2020
EMP1126,Employee_126,Sales,Coordinator,"$120,000 ",1,3,1/10/2020
EMP1127,Employee_127,Finance,Analyst,"$60,000 ",1,3,3/30/2018
EMP1128,Employee_128,Marketing,Manager,Unknown,3,5,6/25/2019
EMP1129,Employee_129,Marketing,Manager,"$60,000 ",1,,3/30/2018
EMP1130,Employee_130,Customer Support,Analyst,"$120,000 ",10,4,
EMP1131,Employee_131,HR,Executive,"$45,000 ",5,1,3/30/2018
EMP1132,Employee_132,Customer Support,Manager,"$70,000 ",10,5,
EMP1133,Employee_133,Customer Support,Engineer,"$45,000 ",15,3,7/20/2017
EMP1134,Employee_134,Sales,Executive,"$120,000 ",,1,1/10/2020
EMP1135,Employee_135,HR,Engineer,"$70,000 ",10,2,3/30/2018
EMP1136,Employee_136,Marketing,coordinator,"$120,000 ",5,5,9/15/2021
EMP1137,Employee_137,Sales,Engineer,"$50,000 ",20,5,6/25/2019
EMP1138,Employee_138,Engineering,Specialist,"$150,000 ",10,3,6/25/2019
EMP1139,Employee_139,Engineering,specialist,"$70,000 ",,1,
EMP1140,Employee_140,Customer Support,Executive,,10,5,1/10/2020
EMP1141,Employee_141,Marketing,Engineer,,10,5,1/10/2020
EMP1142,Employee_142,Sales,Executive,"$70,000 ",10,4,
EMP1143,Employee_143,Customer Support,Specialist,,1,4,1/10/2020
EMP1144,Employee_144,Marketing,Specialist,"$120,000 ",10,1,7/20/2017
EMP1145,Employee_145,Engineering,Analyst,"$150,000 ",10,5,1/10/2020
EMP1146,Employee_146,Engineering,Manager,"$120,000 ",3,4,3/30/2018
EMP1147,Employee_147,Engineering,Engineer,"$70,000 ",5,1,1/10/2020
EMP1148,Employee_148,HR,Executive,,20,,3/30/2018
EMP1149,Employee_149,Customer Support,Specialist,"$50,000 ",3,,7/20/2017
EMP1150,Employee_150,Marketing,Analyst,"$50,000 ",15,3,1/10/2020
EMP1151,Employee_151,Marketing,Analyst,"$50,000 ",20,5,3/30/2018
EMP1152,Employee_152,HR,Executive,,10,1,1/10/2020
EMP1153,Employee_153,Finance,Analyst,"$45,000 ",1,4,9/15/2021
EMP1154,Employee_154,Engineering,Coordinator,"$60,000 ",20,1,9/15/2021
EMP1155,Employee_155,Sales,Engineer,"$60,000 ",15,,7/20/2017
EMP1156,Employee_156,Marketing,Coordinator,"$120,000 ",5,5,6/25/2019
EMP1157,Employee_157,Customer Support,Engineer,,20,,6/25/2019
EMP1158,Employee_158,HR,Engineer,,3,1,3/30/2018
EMP1159,Employee_159,Finance,Specialist,"$60,000 ",3,4,1/10/2020
EMP1160,Employee_160,Customer Support,Coordinator,"$45,000 ",20,1,7/20/2017
EMP1161,Employee_161,Finance,Coordinator,"$150,000 ",15,3,
EMP1162,Employee_162,Customer Support,Analyst,"$150,000 ",20,5,9/15/2021
EMP1163,Employee_163,Finance,Executive,"$70,000 ",,3,
EMP1164,Employee_164,Sales,Analyst,"$60,000 ",15,4,3/30/2018
EMP1165,Employee_165,HR,Executive,,20,1,3/30/2018
EMP1166,Employee_166,HR,Specialist,"$50,000 ",,,3/30/2018
EMP1167,Employee_167,HR,Analyst,,3,4,9/15/2021
EMP1168,Employee_168,Customer Support,Executive,"$60,000 ",15,,1/10/2020
EMP1169,Employee_169,HR,Executive,,,,
EMP1170,Employee_170,Finance,Engineer,"$50,000 ",15,1,1/10/2020
EMP1171,Employee_171,Marketing,Coordinator,,1,2,3/30/2018
EMP1172,Employee_172,Finance,Engineer,Unknown,1,3,3/30/2018
EMP1173,Employee_173,Sales,Manager,"$120,000 ",15,5,1/10/2020
EMP1174,Employee_174,Marketing,executive,"$120,000 ",3,2,3/30/2018
EMP1175,Employee_175,Engineering,Specialist,"$150,000 ",1,3,1/10/2020
EMP1176,Employee_176,Sales,Engineer,"$45,000 ",5,2,7/20/2017
EMP1177,Employee_177,Finance,Executive,"$70,000 ",,5,1/10/2020
EMP1178,Employee_178,HR,Coordinator,"$150,000 ",3,4,3/30/2018
EMP1179,Employee_179,Marketing,Manager,"$70,000 ",20,1,
EMP1180,Employee_180,HR,Coordinator,"$60,000 ",20,3,7/20/2017
EMP1181,Employee_181,HR,Executive,"$50,000 ",5,4,
EMP1182,Employee_182,Sales,Coordinator,"$45,000 ",15,3,1/10/2020
EMP1183,Employee_183,Sales,Coordinator,"$120,000 ",5,2,
EMP1184,Employee_184,HR,Executive,"$150,000 ",3,3,9/15/2021
EMP1185,Employee_185,Customer Support,Engineer,"$70,000 ",20,,7/20/2017
EMP1186,Employee_186,Sales,Manager,"$120,000 ",1,5,
EMP1187,Employee_187,Engineering,Coordinator,"$45,000 ",10,3,
EMP1188,Employee_188,Finance,Specialist,"$45,000 ",15,5,6/25/2019
EMP1189,Employee_189,Sales,Analyst,"$120,000 ",10,,7/20/2017
EMP1190,Employee_190,Engineering,Analyst,"$60,000 ",15,2,1/10/2020
EMP1191,Employee_191,Finance,Specialist,"$45,000 ",1,3,3/30/2018
EMP1192,Employee_192,Customer Support,Coordinator,"$150,000 ",10,3,1/10/2020
EMP1193,Employee_193,Finance,Engineer,"$150,000 ",,1,3/30/2018
EMP1194,Employee_194,Customer Support,Executive,"$120,000 ",20,3,3/30/2018
EMP1195,Employee_195,Engineering,Analyst,"$120,000 ",10,3,1/10/2020
EMP1196,Employee_196,Engineering,Manager,"$50,000 ",15,1,
EMP1197,Employee_197,Customer Support,Coordinator,"$60,000 ",15,3,3/30/2018
EMP1198,Employee_198,Marketing,manager,"$60,000 ",1,1,1/10/2020
EMP1199,Employee_199,HR,Executive,"$150,000 ",5,,6/25/2019
EMP1200,Employee_200,Finance,Analyst,"$120,000 ",20,3,7/20/2017
EMP1201,Employee_201,HR,Executive,"$150,000 ",,,7/20/2017
EMP1202,Employee_202,HR,Specialist,Unknown,3,4,1/10/2020
EMP1203,Employee_203,Finance,Engineer,"$50,000 ",20,3,9/15/2021
EMP1204,Employee_204,Customer Support,Analyst,"$60,000 ",20,3,6/25/2019
EMP1205,Employee_205,Customer Support,Engineer,"$150,000 ",3,2,
EMP1206,Employee_206,Engineering,Analyst,"$60,000 ",15,5,9/15/2021
EMP1207,Employee_207,Customer Support,Manager,"$120,000 ",3,,
EMP1208,Employee_208,HR,Analyst,"$45,000 ",5,2,7/20/2017
EMP1209,Employee_209,Finance,engineer,"$50,000 ",1,4,3/30/2018
EMP1210,Employee_210,Sales,coordinator,"$150,000 ",5,3,6/25/2019
EMP1211,Employee_211,Marketing,Manager,Unknown,5,,6/25/2019
EMP1212,Employee_212,Finance,Engineer,"$45,000 ",,4,1/10/2020
EMP1213,Employee_213,HR,Analyst,"$70,000 ",20,4,
EMP1214,Employee_214,Marketing,Specialist,"$70,000 ",15,1,
EMP1215,Employee_215,Sales,Executive,"$60,000 ",1,5,9/15/2021
EMP1216,Employee_216,Customer Support,Manager,"$70,000 ",5,5,6/25/2019
EMP1217,Employee_217,Customer Support,Analyst,"$50,000 ",5,,9/15/2021
EMP1218,Employee_218,Marketing,engineer,"$50,000 ",20,,
EMP1219,Employee_219,Engineering,Specialist,"$150,000 ",10,1,6/25/2019
EMP1220,Employee_220,Engineering,Executive,Unknown,5,2,3/30/2018
EMP1221,Employee_221,Sales,engineer,"$120,000 ",10,4,9/15/2021
EMP1222,Employee_222,Sales,Coordinator,,1,2,6/25/2019
EMP1223,Employee_223,Engineering,Coordinator,"$50,000 ",10,5,6/25/2019
EMP1224,Employee_224,HR,Executive,"$70,000 ",1,4,6/25/2019
EMP1225,Employee_225,HR,Executive,"$60,000 ",20,5,3/30/2018
EMP1226,Employee_226,Customer Support,Coordinator,"$120,000 ",1,5,
EMP1227,Employee_227,HR,Executive,"$60,000 ",,1,7/20/2017
EMP1228,Employee_228,Sales,Engineer,"$45,000 ",5,5,6/25/2019
EMP1229,Employee_229,Engineering,Specialist,"$50,000 ",5,5,
EMP1230,Employee_230,Finance,Coordinator,"$60,000 ",15,3,6/25/2019
EMP1231,Employee_231,Marketing,Manager,"$50,000 ",20,,7/20/2017
EMP1232,Employee_232,Finance,Specialist,"$70,000 ",3,4,9/15/2021
EMP1233,Employee_233,Customer Support,Manager,Unknown,1,4,1/10/2020
EMP1234,Employee_234,Finance,Analyst,"$45,000 ",5,2,3/30/2018
EMP1235,Employee_235,Finance,specialist,"$60,000 ",1,,3/30/2018
EMP1236,Employee_236,HR,Specialist,,,4,3/30/2018
EMP1237,Employee_237,Marketing,Manager,"$50,000 ",15,5,3/30/2018
EMP1238,Employee_238,HR,Engineer,"$120,000 ",,,9/15/2021
EMP1239,Employee_239,HR,Analyst,,10,1,7/20/2017
EMP1240,Employee_240,Customer Support,Analyst,"$60,000 ",20,2,9/15/2021
EMP1241,Employee_241,Finance,Coordinator,"$120,000 ",15,3,
EMP1242,Employee_242,Customer Support,Coordinator,"$70,000 ",15,2,
EMP1243,Employee_243,Engineering,Coordinator,,20,,
EMP1244,Employee_244,Customer Support,Analyst,"$120,000 ",5,,9/15/2021
EMP1245,Employee_245,Finance,Analyst,"$50,000 ",10,1,
EMP1246,Employee_246,Marketing,Analyst,Unknown,20,,1/10/2020
EMP1247,Employee_247,Sales,Coordinator,"$150,000 ",15,4,3/30/2018
EMP1248,Employee_248,HR,Specialist,"$70,000 ",1,3,1/10/2020
EMP1249,Employee_249,Engineering,Analyst,"$70,000 ",5,2,7/20/2017
EMP1250,Employee_250,Sales,Manager,"$150,000 ",20,5,6/25/2019
EMP1251,Employee_251,Finance,Analyst,"$120,000 ",,3,
EMP1252,Employee_252,Customer Support,Executive,"$120,000 ",3,4,7/20/2017
EMP1253,Employee_253,Engineering,Analyst,"$60,000 ",15,2,9/15/2021
EMP1254,Employee_254,Sales,Specialist,"$50,000 ",5,5,9/15/2021
EMP1255,Employee_255,Finance,Analyst,"$45,000 ",20,5,
EMP1256,Employee_256,Engineering,Executive,"$60,000 ",1,5,
EMP1257,Employee_257,Finance,Coordinator,"$120,000 ",,2,6/25/2019
EMP1258,Employee_258,Finance,Manager,"$150,000 ",15,5,9/15/2021
EMP1259,Employee_259,Finance,Analyst,"$120,000 ",1,5,3/30/2018
EMP1260,Employee_260,Engineering,Executive,"$50,000 ",,1,9/15/2021
EMP1261,Employee_261,HR,manager,"$60,000 ",3,1,3/30/2018
EMP1262,Employee_262,Marketing,Engineer,,20,2,1/10/2020
EMP1263,Employee_263,Sales,Coordinator,"$70,000 ",1,5,3/30/2018
EMP1264,Employee_264,Sales,Engineer,"$150,000 ",,2,9/15/2021
EMP1265,Employee_265,Finance,Manager,"$60,000 ",20,1,7/20/2017
EMP1266,Employee_266,Marketing,Engineer,"$50,000 ",20,5,6/25/2019
EMP1267,Employee_267,Finance,Engineer,"$150,000 ",15,4,9/15/2021
EMP1268,Employee_268,HR,Analyst,"$120,000 ",,4,9/15/2021
EMP1269,Employee_269,Sales,Coordinator,"$70,000 ",,,7/20/2017
EMP1270,Employee_270,Marketing,Specialist,"$70,000 ",,3,3/30/2018
EMP1271,Employee_271,Marketing,Engineer,"$45,000 ",1,,9/15/2021
EMP1272,Employee_272,Engineering,Manager,"$60,000 ",5,3,1/10/2020
EMP1273,Employee_273,Marketing,Manager,"$120,000 ",5,4,6/25/2019
EMP1274,Employee_274,Marketing,Specialist,"$60,000 ",5,5,9/15/2021
EMP1275,Employee_275,Customer Support,specialist,"$50,000 ",10,4,3/30/2018
EMP1276,Employee_276,Sales,Analyst,Unknown,,1,3/30/2018
EMP1277,Employee_277,Customer Support,engineer,"$150,000 ",15,3,6/25/2019
EMP1278,Employee_278,Finance,Executive,"$150,000 ",5,2,7/20/2017
EMP1279,Employee_279,Engineering,Engineer,"$120,000 ",5,1,9/15/2021
EMP1280,Employee_280,Customer Support,engineer,"$120,000 ",1,,
EMP1281,Employee_281,Customer Support,Coordinator,"$50,000 ",5,4,1/10/2020
EMP1282,Employee_282,HR,Coordinator,"$50,000 ",20,4,7/20/2017
EMP1283,Employee_283,Customer Support,Specialist,"$70,000 ",10,1,9/15/2021
EMP1284,Employee_284,HR,Coordinator,"$120,000 ",10,4,7/20/2017
EMP1285,Employee_285,Engineering,Executive,"$120,000 ",15,2,7/20/2017
EMP1286,Employee_286,Engineering,Specialist,"$70,000 ",5,1,6/25/2019
EMP1287,Employee_287,Sales,Specialist,"$50,000 ",1,1,1/10/2020
EMP1288,Employee_288,Sales,Analyst,"$50,000 ",5,,7/20/2017
EMP1289,Employee_289,HR,engineer,Unknown,1,,
EMP1290,Employee_290,Marketing,Engineer,"$120,000 ",10,5,
EMP1291,Employee_291,Finance,Executive,"$70,000 ",3,,6/25/2019
EMP1292,Employee_292,Finance,analyst,"$60,000 ",,3,9/15/2021
EMP1293,Employee_293,Finance,Coordinator,"$70,000 ",,,3/30/2018
EMP1294,Employee_294,HR,Engineer,"$120,000 ",3,4,
EMP1295,Employee_295,Sales,Analyst,"$60,000 ",1,3,9/15/2021
EMP1296,Employee_296,Customer Support,analyst,"$150,000 ",1,3,7/20/2017
EMP1297,Employee_297,Marketing,Executive,"$45,000 ",5,3,7/20/2017
EMP1298,Employee_298,Engineering,Executive,"$50,000 ",10,4,3/30/2018
EMP1299,Employee_299,HR,engineer,"$50,000 ",15,,1/10/2020
EMP1300,Employee_300,Marketing,Specialist,"$70,000 ",,,9/15/2021
EMP1301,Employee_301,Sales,Executive,"$50,000 ",10,1,3/30/2018
EMP1302,Employee_302,Sales,Specialist,"$45,000 ",15,4,1/10/2020
EMP1303,Employee_303,Customer Support,Analyst,"$150,000 ",1,2,3/30/2018
EMP1304,Employee_304,Finance,Coordinator,"$45,000 ",3,,7/20/2017
EMP1305,Employee_305,Sales,Executive,"$60,000 ",1,5,9/15/2021
EMP1306,Employee_306,Finance,Coordinator,"$60,000 ",,1,9/15/2021
EMP1307,Employee_307,Sales,coordinator,"$70,000 ",10,4,3/30/2018
EMP1308,Employee_308,Customer Support,Manager,,5,2,7/20/2017
EMP1309,Employee_309,Sales,Coordinator,,3,4,1/10/2020
EMP1310,Employee_310,Marketing,Engineer,"$120,000 ",15,2,1/10/2020
EMP1311,Employee_311,Engineering,Manager,"$45,000 ",1,2,6/25/2019
EMP1312,Employee_312,Finance,coordinator,"$50,000 ",,3,9/15/2021
EMP1313,Employee_313,Sales,Executive,"$150,000 ",5,4,7/20/2017
EMP1314,Employee_314,Customer Support,Specialist,"$60,000 ",5,,9/15/2021
EMP1315,Employee_315,Marketing,Specialist,"$50,000 ",1,1,3/30/2018
EMP1316,Employee_316,Customer Support,Manager,"$50,000 ",,3,1/10/2020
EMP1317,Employee_317,Sales,Engineer,"$70,000 ",5,4,
EMP1318,Employee_318,Marketing,engineer,"$150,000 ",20,3,
EMP1319,Employee_319,Marketing,specialist,"$50,000 ",,5,3/30/2018
EMP1320,Employee_320,Sales,Engineer,"$70,000 ",,1,9/15/2021
EMP1321,Employee_321,HR,Executive,"$120,000 ",20,5,7/20/2017
EMP1322,Employee_322,HR,Executive,"$70,000 ",3,2,
EMP1323,Employee_323,Customer Support,Executive,"$50,000 ",15,2,
EMP1324,Employee_324,Engineering,Executive,"$120,000 ",,4,1/10/2020
EMP1325,Employee_325,Finance,Analyst,,,,1/10/2020
EMP1326,Employee_326,Customer Support,Coordinator,"$150,000 ",20,3,
EMP1327,Employee_327,HR,manager,"$45,000 ",1,,1/10/2020
EMP1328,Employee_328,Finance,executive,"$50,000 ",5,1,1/10/2020
EMP1329,Employee_329,Sales,Analyst,"$120,000 ",1,,3/30/2018
EMP1330,Employee_330,Marketing,Coordinator,"$150,000 ",15,1,9/15/2021
EMP1331,Employee_331,Marketing,Manager,"$60,000 ",10,3,6/25/2019
EMP1332,Employee_332,HR,Coordinator,"$50,000 ",15,2,
EMP1333,Employee_333,Sales,Engineer,,5,,
EMP1334,Employee_334,Finance,Specialist,"$70,000 ",20,4,1/10/2020
EMP1335,Employee_335,HR,Analyst,"$45,000 ",20,,3/30/2018
EMP1336,Employee_336,Customer Support,Analyst,"$70,000 ",15,3,
EMP1337,Employee_337,HR,Coordinator,"$150,000 ",3,3,1/10/2020
EMP1338,Employee_338,Sales,Engineer,"$70,000 ",20,2,3/30/2018
EMP1339,Employee_339,Engineering,Engineer,,20,,7/20/2017
EMP1340,Employee_340,Engineering,Manager,"$120,000 ",10,2,3/30/2018
EMP1341,Employee_341,Sales,Specialist,"$150,000 ",3,1,1/10/2020
EMP1342,Employee_342,Finance,Executive,Unknown,10,,7/20/2017
EMP1343,Employee_343,HR,Coordinator,,,5,9/15/2021
EMP1344,Employee_344,Sales,Specialist,"$60,000 ",10,2,9/15/2021
EMP1345,Employee_345,Finance,Executive,"$120,000 ",5,2,3/30/2018
EMP1346,Employee_346,HR,coordinator,"$120,000 ",,,3/30/2018
EMP1347,Employee_347,Sales,Specialist,Unknown,15,1,
EMP1348,Employee_348,Finance,Specialist,"$70,000 ",1,1,6/25/2019
EMP1349,Employee_349,Marketing,Executive,"$120,000 ",3,2,9/15/2021
EMP1350,Employee_350,Sales,Executive,,5,3,
EMP1351,Employee_351,Finance,Coordinator,"$45,000 ",10,1,6/25/2019
EMP1352,Employee_352,HR,Manager,"$120,000 ",10,1,9/15/2021
EMP1353,Employee_353,Customer Support,Coordinator,"$60,000 ",1,2,
EMP1354,Employee_354,Customer Support,Coordinator,"$50,000 ",15,4,
EMP1355,Employee_355,Marketing,Coordinator,"$120,000 ",20,3,9/15/2021
EMP1356,Employee_356,Finance,Specialist,"$45,000 ",3,3,1/10/2020
EMP1357,Employee_357,HR,Manager,"$150,000 ",10,3,7/20/2017
EMP1358,Employee_358,Finance,Executive,"$50,000 ",15,2,3/30/2018
EMP1359,Employee_359,Finance,Specialist,"$60,000 ",5,2,7/20/2017
EMP1360,Employee_360,Marketing,Specialist,"$70,000 ",,4,
EMP1361,Employee_361,HR,Coordinator,"$50,000 ",,4,6/25/2019
EMP1362,Employee_362,Marketing,Executive,"$50,000 ",,,6/25/2019
EMP1363,Employee_363,Engineering,Specialist,"$150,000 ",10,2,3/30/2018
EMP1364,Employee_364,Marketing,Executive,"$60,000 ",1,4,3/30/2018
EMP1365,Employee_365,Engineering,Coordinator,"$45,000 ",5,4,3/30/2018
EMP1366,Employee_366,HR,Coordinator,"$70,000 ",5,1,7/20/2017
EMP1367,Employee_367,Engineering,Manager,"$70,000 ",,5,6/25/2019
EMP1368,Employee_368,Customer Support,Coordinator,"$150,000 ",5,1,9/15/2021
EMP1369,Employee_369,Customer Support,Coordinator,Unknown,10,,9/15/2021
EMP1370,Employee_370,Sales,engineer,"$45,000 ",3,4,1/10/2020
EMP1371,Employee_371,HR,specialist,"$50,000 ",3,2,
EMP1372,Employee_372,HR,Specialist,"$70,000 ",20,2,9/15/2021
EMP1373,Employee_373,Customer Support,Analyst,"$45,000 ",5,1,
EMP1374,Employee_374,Engineering,Specialist,"$45,000 ",20,4,9/15/2021
EMP1375,Employee_375,Customer Support,Manager,,,1,
EMP1376,Employee_376,Sales,Analyst,,20,3,6/25/2019
EMP1377,Employee_377,Engineering,Executive,"$45,000 ",,5,3/30/2018
EMP1378,Employee_378,Sales,Specialist,"$120,000 ",20,4,9/15/2021
EMP1379,Employee_379,Sales,Executive,"$70,000 ",3,2,6/25/2019
EMP1380,Employee_380,Sales,Analyst,"$70,000 ",10,4,6/25/2019
EMP1381,Employee_381,HR,Specialist,"$45,000 ",20,5,7/20/2017
EMP1382,Employee_382,Sales,manager,"$50,000 ",1,3,3/30/2018
EMP1383,Employee_383,Sales,Executive,"$120,000 ",20,1,3/30/2018
EMP1384,Employee_384,Customer Support,Executive,"$60,000 ",,2,7/20/2017
EMP1385,Employee_385,Finance,Manager,"$120,000 ",5,5,9/15/2021
EMP1386,Employee_386,Finance,Specialist,,5,2,9/15/2021
EMP1387,Employee_387,Customer Support,Manager,"$120,000 ",10,4,7/20/2017
EMP1388,Employee_388,Marketing,Coordinator,"$50,000 ",20,2,6/25/2019
EMP1389,Employee_389,Engineering,Engineer,"$50,000 ",3,5,7/20/2017
EMP1390,Employee_390,Sales,Coordinator,"$45,000 ",20,3,
EMP1391,Employee_391,Finance,Executive,"$45,000 ",5,3,
EMP1392,Employee_392,HR,Coordinator,"$120,000 ",20,3,7/20/2017
EMP1393,Employee_393,Engineering,Engineer,"$45,000 ",10,3,1/10/2020
EMP1394,Employee_394,Finance,Manager,"$150,000 ",3,1,7/20/2017
EMP1395,Employee_395,Customer Support,Engineer,"$120,000 ",1,3,
EMP1396,Employee_396,Sales,Manager,"$150,000 ",15,5,3/30/2018
EMP1397,Employee_397,Finance,Analyst,"$60,000 ",3,,6/25/2019
EMP1398,Employee_398,Finance,Executive,,20,3,3/30/2018
EMP1399,Employee_399,Marketing,Specialist,,20,4,
EMP1400,Employee_400,Finance,Engineer,"$150,000 ",20,2,9/15/2021
EMP1401,Employee_401,HR,Executive,"$45,000 ",1,3,9/15/2021
EMP1402,Employee_402,Customer Support,Manager,"$60,000 ",20,3,7/20/2017
EMP1403,Employee_403,Finance,Manager,"$120,000 ",15,1,3/30/2018
EMP1404,Employee_404,Engineering,Analyst,"$45,000 ",1,2,1/10/2020
EMP1405,Employee_405,Finance,Executive,"$120,000 ",5,3,
EMP1406,Employee_406,Finance,Engineer,"$45,000 ",,1,6/25/2019
EMP1407,Employee_407,Finance,Manager,"$150,000 ",10,2,7/20/2017
EMP1408,Employee_408,Engineering,Engineer,"$70,000 ",10,3,1/10/2020
EMP1409,Employee_409,Engineering,Manager,"$60,000 ",15,5,1/10/2020
EMP1410,Employee_410,Finance,Manager,"$120,000 ",5,2,3/30/2018
EMP1411,Employee_411,Marketing,coordinator,"$60,000 ",5,1,6/25/2019
EMP1412,Employee_412,Sales,Engineer,"$45,000 ",1,1,7/20/2017
EMP1413,Employee_413,Engineering,Executive,"$120,000 ",,4,1/10/2020
EMP1414,Employee_414,HR,Executive,"$70,000 ",15,,
EMP1415,Employee_415,Engineering,Analyst,"$50,000 ",5,4,6/25/2019
EMP1416,Employee_416,HR,Manager,Unknown,10,1,7/20/2017
EMP1417,Employee_417,Customer Support,Coordinator,"$60,000 ",10,5,1/10/2020
EMP1418,Employee_418,Marketing,Engineer,"$50,000 ",5,2,7/20/2017
EMP1419,Employee_419,Marketing,Executive,,5,,3/30/2018
EMP1420,Employee_420,Marketing,Engineer,"$50,000 ",10,3,3/30/2018
EMP1421,Employee_421,Sales,Coordinator,"$120,000 ",10,,6/25/2019
EMP1422,Employee_422,Sales,Manager,"$150,000 ",10,5,9/15/2021
EMP1423,Employee_423,Customer Support,Coordinator,"$120,000 ",20,,6/25/2019
EMP1424,Employee_424,HR,Engineer,"$50,000 ",5,5,
EMP1425,Employee_425,Finance,Specialist,"$150,000 ",20,2,9/15/2021
EMP1426,Employee_426,Marketing,Coordinator,,20,5,7/20/2017
EMP1427,Employee_427,Sales,Executive,"$45,000 ",15,1,9/15/2021
EMP1428,Employee_428,Marketing,Executive,"$150,000 ",10,2,
EMP1429,Employee_429,Finance,Executive,"$60,000 ",3,,3/30/2018
EMP1430,Employee_430,Sales,Executive,"$45,000 ",5,4,3/30/2018
EMP1431,Employee_431,Customer Support,Executive,"$50,000 ",15,2,3/30/2018
EMP1432,Employee_432,Marketing,Manager,"$150,000 ",10,,6/25/2019
EMP1433,Employee_433,Sales,Analyst,"$50,000 ",,5,6/25/2019
EMP1434,Employee_434,HR,Executive,"$60,000 ",1,5,6/25/2019
EMP1435,Employee_435,HR,Manager,"$150,000 ",,3,7/20/2017
EMP1436,Employee_436,Marketing,manager,"$60,000 ",,,6/25/2019
EMP1437,Employee_437,Engineering,Specialist,,15,3,6/25/2019
EMP1438,Employee_438,Sales,Analyst,"$70,000 ",,4,7/20/2017
EMP1439,Employee_439,HR,manager,"$50,000 ",3,3,1/10/2020
EMP1440,Employee_440,Customer Support,Engineer,"$45,000 ",,5,7/20/2017
EMP1441,Employee_441,Sales,Engineer,"$60,000 ",10,2,9/15/2021
EMP1442,Employee_442,Customer Support,Manager,"$60,000 ",1,4,6/25/2019
EMP1443,Employee_443,Marketing,Coordinator,"$150,000 ",1,3,3/30/2018
EMP1444,Employee_444,Customer Support,Engineer,,,,1/10/2020
EMP1445,Employee_445,HR,Executive,"$50,000 ",20,2,3/30/2018
EMP1446,Employee_446,HR,Specialist,"$70,000 ",,5,1/10/2020
EMP1447,Employee_447,Sales,Manager,"$50,000 ",10,5,6/25/2019
EMP1448,Employee_448,Engineering,Engineer,"$70,000 ",15,,7/20/2017
EMP1449,Employee_449,Customer Support,Coordinator,"$70,000 ",1,4,9/15/2021
EMP1450,Employee_450,HR,Specialist,Unknown,,3,3/30/2018
EMP1451,Employee_451,Marketing,engineer,"$50,000 ",3,5,1/10/2020
EMP1452,Employee_452,Customer Support,Engineer,"$60,000 ",3,1,9/15/2021
EMP1453,Employee_453,Customer Support,Engineer,Unknown,5,4,7/20/2017
EMP1454,Employee_454,Sales,Coordinator,"$120,000 ",3,,1/10/2020
EMP1455,Employee_455,Finance,Analyst,,15,1,9/15/2021
EMP1456,Employee_456,Sales,Coordinator,"$150,000 ",15,3,7/20/2017
EMP1457,Employee_457,Finance,Manager,"$45,000 ",5,2,6/25/2019
EMP1458,Employee_458,Engineering,Analyst,"$50,000 ",15,,3/30/2018
EMP1459,Employee_459,HR,Specialist,"$70,000 ",20,5,6/25/2019
EMP1460,Employee_460,Sales,Executive,"$50,000 ",10,3,6/25/2019
EMP1461,Employee_461,Sales,Coordinator,"$60,000 ",10,2,3/30/2018
EMP1462,Employee_462,Finance,Executive,"$70,000 ",5,1,1/10/2020
EMP1463,Employee_463,Sales,Executive,"$120,000 ",3,1,9/15/2021
EMP1464,Employee_464,Sales,Specialist,Unknown,1,,7/20/2017
EMP1465,Employee_465,Engineering,Specialist,"$70,000 ",,5,3/30/2018
EMP1466,Employee_466,HR,Specialist,"$70,000 ",20,4,6/25/2019
EMP1467,Employee_467,Customer Support,Coordinator,"$150,000 ",,2,3/30/2018
EMP1468,Employee_468,Sales,Specialist,"$45,000 ",20,5,
EMP1469,Employee_469,HR,Coordinator,"$150,000 ",5,5,6/25/2019
EMP1470,Employee_470,Marketing,Analyst,"$50,000 ",20,4,
EMP1471,Employee_471,Finance,Analyst,"$45,000 ",1,3,7/20/2017
EMP1472,Employee_472,HR,Specialist,"$45,000 ",5,4,9/15/2021
EMP1473,Employee_473,Engineering,Coordinator,"$50,000 ",15,3,3/30/2018
EMP1474,Employee_474,HR,Executive,"$50,000 ",1,3,1/10/2020
EMP1475,Employee_475,Finance,Specialist,"$70,000 ",,4,6/25/2019
EMP1476,Employee_476,Finance,Analyst,"$70,000 ",20,5,7/20/2017
EMP1477,Employee_477,Sales,Executive,"$60,000 ",5,,6/25/2019
EMP1478,Employee_478,Sales,Coordinator,"$60,000 ",15,3,3/30/2018
EMP1479,Employee_479,Sales,Executive,"$70,000 ",5,5,
EMP1480,Employee_480,Sales,Engineer,"$120,000 ",,3,6/25/2019
EMP1481,Employee_481,Marketing,Specialist,"$60,000 ",,1,3/30/2018
EMP1482,Employee_482,Customer Support,Analyst,"$150,000 ",5,2,
EMP1483,Employee_483,HR,Engineer,"$60,000 ",20,,6/25/2019
EMP1484,Employee_484,Marketing,Engineer,"$50,000 ",15,1,
EMP1485,Employee_485,Customer Support,Specialist,"$50,000 ",20,,9/15/2021
EMP1486,Employee_486,Sales,Engineer,"$45,000 ",,5,7/20/2017
EMP1487,Employee_487,Sales,Specialist,"$50,000 ",1,1,7/20/2017
EMP1488,Employee_488,Sales,Specialist,"$70,000 ",3,4,1/10/2020
EMP1489,Employee_489,Marketing,Specialist,"$60,000 ",15,5,
EMP1490,Employee_490,Customer Support,Manager,"$70,000 ",3,1,9/15/2021
EMP1491,Employee_491,Finance,Engineer,,3,2,3/30/2018
EMP1492,Employee_492,Sales,Coordinator,"$150,000 ",5,3,7/20/2017
EMP1493,Employee_493,Marketing,coordinator,,5,2,6/25/2019
EMP1494,Employee_494,Marketing,Specialist,"$150,000 ",10,3,3/30/2018
EMP1495,Employee_495,Engineering,Specialist,,10,2,3/30/2018
EMP1496,Employee_496,HR,Manager,"$50,000 ",10,,7/20/2017
EMP1497,Employee_497,Marketing,Analyst,"$45,000 ",,4,1/10/2020
EMP1498,Employee_498,Engineering,Coordinator,"$150,000 ",5,3,9/15/2021
EMP1499,Employee_499,Engineering,engineer,,1,3,1/10/2020
EMP1500,Employee_500,HR,Coordinator,"$120,000 ",15,1,7/20/2017
EMP1501,Employee_501,Sales,Executive,"$120,000 ",20,3,9/15/2021
EMP1502,Employee_502,Marketing,Manager,"$50,000 ",5,5,3/30/2018
EMP1503,Employee_503,HR,Executive,"$60,000 ",20,,
EMP1504,Employee_504,Sales,Coordinator,"$45,000 ",,1,9/15/2021
EMP1505,Employee_505,HR,Manager,"$120,000 ",5,3,6/25/2019
EMP1506,Employee_506,Engineering,Engineer,"$70,000 ",5,,1/10/2020
EMP1507,Employee_507,Marketing,Engineer,"$60,000 ",15,1,6/25/2019
EMP1508,Employee_508,Finance,Manager,"$60,000 ",20,4,6/25/2019
EMP1509,Employee_509,Finance,Analyst,"$70,000 ",5,5,3/30/2018
EMP1510,Employee_510,Engineering,Coordinator,"$45,000 ",15,2,3/30/2018
EMP1511,Employee_511,Sales,Engineer,"$120,000 ",15,4,3/30/2018
EMP1512,Employee_512,Marketing,Manager,,15,2,6/25/2019
EMP1513,Employee_513,Sales,specialist,"$45,000 ",1,4,1/10/2020
EMP1514,Employee_514,Finance,Manager,"$60,000 ",5,5,1/10/2020
EMP1515,Employee_515,Engineering,Engineer,"$60,000 ",,3,7/20/2017
EMP1516,Employee_516,Marketing,Specialist,"$50,000 ",5,5,3/30/2018
EMP1517,Employee_517,Sales,Analyst,"$70,000 ",5,,9/15/2021
EMP1518,Employee_518,Finance,Engineer,"$70,000 ",,3,7/20/2017
EMP1519,Employee_519,Sales,Engineer,,3,2,1/10/2020
EMP1520,Employee_520,Engineering,Executive,"$150,000 ",,1,1/10/2020
EMP1521,Employee_521,HR,analyst,"$70,000 ",1,5,7/20/2017
EMP1522,Employee_522,Engineering,analyst,"$50,000 ",5,3,9/15/2021
EMP1523,Employee_523,HR,Engineer,"$120,000 ",,2,3/30/2018
EMP1524,Employee_524,HR,Engineer,"$60,000 ",3,,9/15/2021
EMP1525,Employee_525,Finance,Specialist,"$70,000 ",15,,3/30/2018
EMP1526,Employee_526,Sales,Analyst,"$120,000 ",5,,6/25/2019
EMP1527,Employee_527,Finance,executive,"$60,000 ",10,,9/15/2021
EMP1528,Employee_528,HR,Executive,"$150,000 ",3,3,3/30/2018
EMP1529,Employee_529,Sales,Executive,"$150,000 ",20,4,
EMP1530,Employee_530,HR,Coordinator,"$60,000 ",1,5,3/30/2018
EMP1531,Employee_531,HR,Specialist,"$45,000 ",1,1,
EMP1532,Employee_532,Finance,Coordinator,,,5,6/25/2019
EMP1533,Employee_533,Customer Support,Coordinator,Unknown,5,1,7/20/2017
EMP1534,Employee_534,Marketing,Analyst,"$70,000 ",5,5,9/15/2021
EMP1535,Employee_535,Engineering,Engineer,"$50,000 ",15,4,1/10/2020
EMP1536,Employee_536,Sales,Manager,,20,4,3/30/2018
EMP1537,Employee_537,Customer Support,Coordinator,,,1,
EMP1538,Employee_538,Customer Support,Analyst,,10,,6/25/2019
EMP1539,Employee_539,Engineering,Executive,"$45,000 ",20,,
EMP1540,Employee_540,Sales,Specialist,"$50,000 ",5,4,6/25/2019
EMP1541,Employee_541,Finance,Executive,"$150,000 ",20,,7/20/2017
EMP1542,Employee_542,Customer Support,executive,Unknown,15,2,3/30/2018
EMP1543,Employee_543,Sales,manager,"$45,000 ",5,2,6/25/2019
EMP1544,Employee_544,Engineering,Specialist,"$70,000 ",,3,7/20/2017
EMP1545,Employee_545,Customer Support,Manager,"$50,000 ",3,3,
EMP1546,Employee_546,Sales,Engineer,"$70,000 ",20,5,1/10/2020
EMP1547,Employee_547,HR,Manager,"$50,000 ",3,1,9/15/2021
EMP1548,Employee_548,HR,specialist,"$120,000 ",20,1,3/30/2018
EMP1549,Employee_549,Finance,manager,"$60,000 ",1,2,1/10/2020
EMP1550,Employee_550,Customer Support,Analyst,"$120,000 ",15,,9/15/2021
EMP1551,Employee_551,Engineering,Coordinator,"$150,000 ",5,3,3/30/2018
EMP1552,Employee_552,Finance,Executive,"$150,000 ",1,,3/30/2018
EMP1553,Employee_553,Sales,Analyst,"$45,000 ",20,5,6/25/2019
EMP1554,Employee_554,Customer Support,Engineer,,1,5,1/10/2020
EMP1555,Employee_555,Marketing,Coordinator,"$45,000 ",3,5,9/15/2021
EMP1556,Employee_556,Marketing,Coordinator,"$45,000 ",5,4,
EMP1557,Employee_557,Finance,Manager,"$60,000 ",3,3,7/20/2017
EMP1558,Employee_558,HR,Executive,"$50,000 ",,5,9/15/2021
EMP1559,Employee_559,Finance,Manager,"$70,000 ",,5,9/15/2021
EMP1560,Employee_560,Engineering,Manager,"$45,000 ",3,5,1/10/2020
EMP1561,Employee_561,Marketing,Executive,"$60,000 ",,5,9/15/2021
EMP1562,Employee_562,Marketing,Manager,"$50,000 ",10,1,7/20/2017
EMP1563,Employee_563,Engineering,Manager,,1,3,1/10/2020
EMP1564,Employee_564,Sales,Specialist,,15,2,1/10/2020
EMP1565,Employee_565,HR,Engineer,"$60,000 ",5,5,
EMP1566,Employee_566,HR,Manager,"$50,000 ",,2,
EMP1567,Employee_567,Sales,Manager,"$45,000 ",15,4,7/20/2017
EMP1568,Employee_568,HR,Analyst,"$120,000 ",15,3,7/20/2017
EMP1569,Employee_569,Engineering,Manager,"$120,000 ",5,3,6/25/2019
EMP1570,Employee_570,Customer Support,executive,"$60,000 ",10,5,6/25/2019
EMP1571,Employee_571,Marketing,Coordinator,"$50,000 ",,3,
EMP1572,Employee_572,HR,Manager,"$50,000 ",1,1,3/30/2018
EMP1573,Employee_573,Sales,Manager,"$45,000 ",5,2,3/30/2018
EMP1574,Employee_574,Customer Support,Coordinator,"$150,000 ",,2,3/30/2018
EMP1575,Employee_575,Sales,Coordinator,"$70,000 ",3,1,6/25/2019
EMP1576,Employee_576,Engineering,Engineer,"$45,000 ",15,1,
EMP1577,Employee_577,Finance,Coordinator,"$70,000 ",15,3,
EMP1578,Employee_578,Customer Support,coordinator,,1,1,3/30/2018
EMP1579,Employee_579,Marketing,Coordinator,"$120,000 ",20,5,3/30/2018
EMP1580,Employee_580,Customer Support,Analyst,"$150,000 ",3,2,7/20/2017
EMP1581,Employee_581,Sales,Manager,,3,1,3/30/2018
EMP1582,Employee_582,HR,Specialist,"$70,000 ",3,4,7/20/2017
EMP1583,Employee_583,Finance,Analyst,"$50,000 ",1,1,7/20/2017
EMP1584,Employee_584,Engineering,analyst,"$150,000 ",10,4,7/20/2017
EMP1585,Employee_585,Finance,Executive,"$120,000 ",3,3,3/30/2018
EMP1586,Employee_586,Customer Support,Analyst,"$60,000 ",5,1,7/20/2017
EMP1587,Employee_587,HR,Analyst,"$150,000 ",5,2,3/30/2018
EMP1588,Employee_588,Engineering,Specialist,"$70,000 ",5,4,1/10/2020
EMP1589,Employee_589,Marketing,specialist,"$150,000 ",,2,9/15/2021
EMP1590,Employee_590,Finance,manager,"$50,000 ",10,,7/20/2017
EMP1591,Employee_591,Engineering,Executive,Unknown,3,1,1/10/2020
EMP1592,Employee_592,Marketing,Specialist,"$150,000 ",1,,6/25/2019
EMP1593,Employee_593,Marketing,Executive,"$50,000 ",5,1,6/25/2019
EMP1594,Employee_594,Sales,Executive,"$60,000 ",5,,3/30/2018
EMP1595,Employee_595,HR,Coordinator,"$70,000 ",15,4,9/15/2021
EMP1596,Employee_596,HR,Manager,"$45,000 ",15,5,1/10/2020
EMP1597,Employee_597,Customer Support,Manager,"$120,000 ",1,1,6/25/2019
EMP1598,Employee_598,Finance,Manager,"$45,000 ",,4,7/20/2017
EMP1599,Employee_599,Sales,Manager,"$50,000 ",15,3,1/10/2020
EMP1600,Employee_600,Marketing,Specialist,"$150,000 ",15,4,3/30/2018
EMP1601,Employee_601,Marketing,analyst,"$150,000 ",20,5,6/25/2019
EMP1602,Employee_602,Customer Support,Specialist,"$50,000 ",1,2,6/25/2019
EMP1603,Employee_603,Sales,Coordinator,"$60,000 ",1,,
EMP1604,Employee_604,Engineering,coordinator,"$50,000 ",1,5,6/25/2019
EMP1605,Employee_605,Finance,Manager,"$120,000 ",1,2,3/30/2018
EMP1606,Employee_606,HR,Manager,"$120,000 ",,5,7/20/2017
EMP1607,Employee_607,HR,Manager,"$150,000 ",10,,
EMP1608,Employee_608,Engineering,Specialist,"$60,000 ",20,1,1/10/2020
EMP1609,Employee_609,HR,Executive,"$120,000 ",15,1,1/10/2020
EMP1610,Employee_610,Finance,Manager,"$50,000 ",1,5,9/15/2021
EMP1611,Employee_611,Engineering,Engineer,"$60,000 ",15,2,7/20/2017
EMP1612,Employee_612,Finance,Analyst,"$70,000 ",,4,
EMP1613,Employee_613,HR,Analyst,,15,3,7/20/2017
EMP1614,Employee_614,Customer Support,Specialist,"$70,000 ",15,5,6/25/2019
EMP1615,Employee_615,Marketing,Engineer,"$70,000 ",1,,7/20/2017
EMP1616,Employee_616,Engineering,Analyst,Unknown,10,1,7/20/2017
EMP1617,Employee_617,Finance,engineer,"$70,000 ",10,3,
EMP1618,Employee_618,Marketing,Coordinator,,3,2,6/25/2019
EMP1619,Employee_619,Customer Support,Engineer,Unknown,1,4,1/10/2020
EMP1620,Employee_620,Engineering,Analyst,,3,4,1/10/2020
EMP1621,Employee_621,Sales,executive,"$60,000 ",,,3/30/2018
EMP1622,Employee_622,Customer Support,Manager,"$50,000 ",15,1,
EMP1623,Employee_623,Finance,Manager,"$50,000 ",20,4,1/10/2020
EMP1624,Employee_624,Sales,Executive,"$120,000 ",3,,3/30/2018
EMP1625,Employee_625,Sales,Manager,"$45,000 ",5,2,9/15/2021
EMP1626,Employee_626,Engineering,specialist,"$45,000 ",3,2,7/20/2017
EMP1627,Employee_627,Marketing,Engineer,Unknown,20,4,7/20/2017
EMP1628,Employee_628,Marketing,Specialist,"$150,000 ",20,4,7/20/2017
EMP1629,Employee_629,Finance,Specialist,"$45,000 ",15,2,6/25/2019
EMP1630,Employee_630,Marketing,Engineer,"$120,000 ",,5,6/25/2019
EMP1631,Employee_631,Sales,Coordinator,"$45,000 ",20,,
EMP1632,Employee_632,Customer Support,Executive,"$150,000 ",1,1,
EMP1633,Employee_633,Customer Support,Manager,"$50,000 ",3,4,7/20/2017
EMP1634,Employee_634,Customer Support,Manager,,1,2,3/30/2018
EMP1635,Employee_635,Engineering,Coordinator,"$45,000 ",1,2,9/15/2021
EMP1636,Employee_636,HR,engineer,"$50,000 ",15,2,
EMP1637,Employee_637,Customer Support,Coordinator,"$70,000 ",1,1,9/15/2021
EMP1638,Employee_638,Engineering,Executive,"$120,000 ",20,4,7/20/2017
EMP1639,Employee_639,HR,Manager,"$70,000 ",5,2,3/30/2018
EMP1640,Employee_640,Marketing,Manager,,10,5,7/20/2017
EMP1641,Employee_641,Marketing,Manager,"$150,000 ",,2,1/10/2020
EMP1642,Employee_642,Engineering,Analyst,"$70,000 ",,,
EMP1643,Employee_643,Finance,Specialist,"$60,000 ",3,3,6/25/2019
EMP1644,Employee_644,Finance,Manager,"$60,000 ",15,4,
EMP1645,Employee_645,Customer Support,Coordinator,,20,5,3/30/2018
EMP1646,Employee_646,Finance,Coordinator,"$70,000 ",20,,9/15/2021
EMP1647,Employee_647,Engineering,Engineer,"$150,000 ",5,2,3/30/2018
EMP1648,Employee_648,Customer Support,Specialist,"$70,000 ",15,2,7/20/2017
EMP1649,Employee_649,HR,Analyst,"$45,000 ",,,3/30/2018
EMP1650,Employee_650,Engineering,Executive,"$70,000 ",3,3,3/30/2018
EMP1651,Employee_651,Marketing,Executive,"$60,000 ",3,3,3/30/2018
EMP1652,Employee_652,Sales,analyst,"$70,000 ",20,4,7/20/2017
EMP1653,Employee_653,Sales,Manager,"$120,000 ",5,1,3/30/2018
EMP1654,Employee_654,Engineering,Coordinator,"$120,000 ",1,3,
EMP1655,Employee_655,Engineering,Manager,,1,4,6/25/2019
EMP1656,Employee_656,HR,Manager,"$70,000 ",1,4,3/30/2018
EMP1657,Employee_657,Engineering,Analyst,"$50,000 ",,2,9/15/2021
EMP1658,Employee_658,HR,Engineer,Unknown,,4,3/30/2018
EMP1659,Employee_659,HR,Coordinator,"$60,000 ",15,1,
EMP1660,Employee_660,Finance,specialist,"$120,000 ",3,1,
EMP1661,Employee_661,Marketing,Coordinator,"$50,000 ",20,4,9/15/2021
EMP1662,Employee_662,Customer Support,manager,"$50,000 ",,4,9/15/2021
EMP1663,Employee_663,Customer Support,Executive,"$120,000 ",20,3,1/10/2020
EMP1664,Employee_664,Marketing,Coordinator,"$60,000 ",5,5,3/30/2018
EMP1665,Employee_665,Finance,Executive,"$60,000 ",5,,
EMP1666,Employee_666,Marketing,Coordinator,"$50,000 ",3,5,9/15/2021
EMP1667,Employee_667,Marketing,Engineer,"$150,000 ",5,4,6/25/2019
EMP1668,Employee_668,Engineering,Manager,"$60,000 ",5,1,6/25/2019
EMP1669,Employee_669,Finance,Specialist,"$60,000 ",1,2,6/25/2019
EMP1670,Employee_670,Sales,Coordinator,"$120,000 ",1,5,9/15/2021
EMP1671,Employee_671,Marketing,Engineer,"$150,000 ",5,,9/15/2021
EMP1672,Employee_672,Marketing,Specialist,"$120,000 ",20,3,1/10/2020
EMP1673,Employee_673,Finance,Manager,"$120,000 ",15,4,
EMP1674,Employee_674,HR,Executive,"$50,000 ",15,2,1/10/2020
EMP1675,Employee_675,Customer Support,Executive,"$70,000 ",10,2,7/20/2017
EMP1676,Employee_676,Marketing,Analyst,"$60,000 ",3,,3/30/2018
EMP1677,Employee_677,HR,Coordinator,"$150,000 ",5,2,3/30/2018
EMP1678,Employee_678,Customer Support,manager,"$60,000 ",20,3,7/20/2017
EMP1679,Employee_679,Customer Support,coordinator,"$50,000 ",10,1,3/30/2018
EMP1680,Employee_680,HR,Engineer,"$150,000 ",15,,
EMP1681,Employee_681,Marketing,Specialist,,,1,
EMP1682,Employee_682,Engineering,Executive,"$45,000 ",10,1,1/10/2020
EMP1683,Employee_683,Customer Support,Analyst,"$70,000 ",5,,1/10/2020
EMP1684,Employee_684,Customer Support,Engineer,"$150,000 ",20,,6/25/2019
EMP1685,Employee_685,HR,Analyst,"$60,000 ",5,1,3/30/2018
EMP1686,Employee_686,Sales,Coordinator,"$45,000 ",1,1,1/10/2020
EMP1687,Employee_687,Engineering,analyst,"$50,000 ",5,4,6/25/2019
EMP1688,Employee_688,Engineering,Manager,"$70,000 ",10,4,7/20/2017
EMP1689,Employee_689,HR,Manager,Unknown,20,3,9/15/2021
EMP1690,Employee_690,Sales,Analyst,"$50,000 ",15,5,1/10/2020
EMP1691,Employee_691,Marketing,Engineer,"$150,000 ",,2,9/15/2021
EMP1692,Employee_692,Customer Support,specialist,"$150,000 ",10,2,9/15/2021
EMP1693,Employee_693,Sales,Specialist,"$120,000 ",1,4,3/30/2018
EMP1694,Employee_694,Finance,Executive,"$45,000 ",3,1,6/25/2019
EMP1695,Employee_695,HR,Coordinator,"$70,000 ",3,5,7/20/2017
EMP1696,Employee_696,Marketing,Manager,,,1,1/10/2020
EMP1697,Employee_697,Customer Support,Analyst,"$45,000 ",5,2,1/10/2020
EMP1698,Employee_698,Engineering,Analyst,"$120,000 ",3,2,9/15/2021
EMP1699,Employee_699,Finance,Specialist,,1,,6/25/2019
EMP1700,Employee_700,Marketing,Engineer,"$45,000 ",10,2,6/25/2019
EMP1701,Employee_701,HR,Engineer,,15,,9/15/2021
EMP1702,Employee_702,Customer Support,Analyst,"$50,000 ",15,1,3/30/2018
EMP1703,Employee_703,HR,Specialist,"$60,000 ",10,1,6/25/2019
EMP1704,Employee_704,HR,Specialist,,20,3,3/30/2018
EMP1705,Employee_705,Sales,Manager,"$150,000 ",15,5,1/10/2020
EMP1706,Employee_706,Marketing,Executive,Unknown,5,5,9/15/2021
EMP1707,Employee_707,Customer Support,Specialist,"$150,000 ",,1,9/15/2021
EMP1708,Employee_708,HR,Analyst,,5,,1/10/2020
EMP1709,Employee_709,Sales,Specialist,"$150,000 ",15,3,1/10/2020
EMP1710,Employee_710,Sales,Coordinator,"$70,000 ",15,2,3/30/2018
EMP1711,Employee_711,HR,Engineer,"$45,000 ",3,1,1/10/2020
EMP1712,Employee_712,Finance,Coordinator,Unknown,15,1,6/25/2019
EMP1713,Employee_713,Customer Support,Engineer,"$70,000 ",20,,
EMP1714,Employee_714,Engineering,engineer,"$60,000 ",20,4,1/10/2020
EMP1715,Employee_715,HR,Executive,"$50,000 ",1,5,9/15/2021
EMP1716,Employee_716,Marketing,Manager,"$120,000 ",5,,6/25/2019
EMP1717,Employee_717,Engineering,Executive,"$150,000 ",1,2,
EMP1718,Employee_718,Marketing,Specialist,"$70,000 ",15,4,9/15/2021
EMP1719,Employee_719,Engineering,Engineer,"$45,000 ",,,9/15/2021
EMP1720,Employee_720,HR,Manager,"$150,000 ",10,4,7/20/2017
EMP1721,Employee_721,Engineering,Specialist,"$50,000 ",15,3,3/30/2018
EMP1722,Employee_722,Finance,Analyst,"$70,000 ",15,3,7/20/2017
EMP1723,Employee_723,Finance,Manager,Unknown,20,1,
EMP1724,Employee_724,Sales,Engineer,"$50,000 ",5,5,1/10/2020
EMP1725,Employee_725,Marketing,Executive,,5,1,7/20/2017
EMP1726,Employee_726,Customer Support,Manager,"$60,000 ",20,4,7/20/2017
EMP1727,Employee_727,Marketing,Coordinator,"$150,000 ",1,4,3/30/2018
EMP1728,Employee_728,Customer Support,Specialist,"$120,000 ",1,5,7/20/2017
EMP1729,Employee_729,HR,Executive,"$70,000 ",10,2,6/25/2019
EMP1730,Employee_730,Engineering,Manager,,1,3,3/30/2018
EMP1731,Employee_731,Sales,Engineer,"$150,000 ",15,1,9/15/2021
EMP1732,Employee_732,Marketing,Specialist,"$120,000 ",,2,
EMP1733,Employee_733,HR,Engineer,"$120,000 ",5,,7/20/2017
EMP1734,Employee_734,Sales,Specialist,"$70,000 ",10,2,6/25/2019
EMP1735,Employee_735,HR,Specialist,"$45,000 ",15,5,3/30/2018
EMP1736,Employee_736,Customer Support,Specialist,"$70,000 ",10,1,1/10/2020
EMP1737,Employee_737,Sales,engineer,"$60,000 ",3,4,
EMP1738,Employee_738,Sales,Specialist,"$50,000 ",5,3,7/20/2017
EMP1739,Employee_739,Sales,Coordinator,"$120,000 ",3,4,6/25/2019
EMP1740,Employee_740,Marketing,coordinator,,15,1,6/25/2019
EMP1741,Employee_741,Engineering,executive,"$70,000 ",5,5,1/10/2020
EMP1742,Employee_742,Sales,Manager,"$45,000 ",15,2,6/25/2019
EMP1743,Employee_743,Marketing,Specialist,"$50,000 ",10,,7/20/2017
EMP1744,Employee_744,Finance,Engineer,"$70,000 ",3,4,7/20/2017
EMP1745,Employee_745,Marketing,Coordinator,"$60,000 ",,2,6/25/2019
EMP1746,Employee_746,Engineering,Coordinator,"$45,000 ",5,1,
EMP1747,Employee_747,Sales,Specialist,"$70,000 ",15,4,3/30/2018
EMP1748,Employee_748,Sales,Specialist,"$50,000 ",5,1,1/10/2020
EMP1749,Employee_749,HR,Coordinator,"$50,000 ",5,4,6/25/2019
EMP1750,Employee_750,Engineering,Specialist,"$70,000 ",3,5,1/10/2020
EMP1751,Employee_751,Customer Support,Manager,"$150,000 ",20,5,7/20/2017
EMP1752,Employee_752,Sales,Engineer,"$70,000 ",5,,
EMP1753,Employee_753,Marketing,executive,"$60,000 ",3,2,1/10/2020
EMP1754,Employee_754,HR,Coordinator,"$120,000 ",1,3,3/30/2018
EMP1755,Employee_755,Customer Support,Analyst,"$120,000 ",20,4,7/20/2017
EMP1756,Employee_756,Marketing,Engineer,"$50,000 ",20,1,9/15/2021
EMP1757,Employee_757,Engineering,Engineer,Unknown,15,1,7/20/2017
EMP1758,Employee_758,HR,Engineer,"$50,000 ",3,5,9/15/2021
EMP1759,Employee_759,Sales,Executive,"$50,000 ",15,3,7/20/2017
EMP1760,Employee_760,Marketing,Specialist,"$60,000 ",5,3,3/30/2018
EMP1761,Employee_761,Finance,analyst,"$50,000 ",15,5,9/15/2021
EMP1762,Employee_762,Marketing,Engineer,"$120,000 ",20,5,3/30/2018
EMP1763,Employee_763,Finance,Coordinator,"$60,000 ",20,,6/25/2019
EMP1764,Employee_764,Finance,coordinator,"$60,000 ",3,5,7/20/2017
EMP1765,Employee_765,Engineering,Engineer,"$50,000 ",,5,6/25/2019
EMP1766,Employee_766,Engineering,Manager,"$50,000 ",5,3,6/25/2019
EMP1767,Employee_767,Finance,Specialist,"$60,000 ",3,5,1/10/2020
EMP1768,Employee_768,Customer Support,Manager,"$50,000 ",15,,1/10/2020
EMP1769,Employee_769,HR,Manager,"$45,000 ",15,4,9/15/2021
EMP1770,Employee_770,Marketing,Manager,"$45,000 ",5,2,
EMP1771,Employee_771,Finance,Engineer,"$45,000 ",5,4,7/20/2017
EMP1772,Employee_772,Marketing,Coordinator,"$150,000 ",5,3,1/10/2020
EMP1773,Employee_773,Sales,Analyst,"$70,000 ",,,1/10/2020
EMP1774,Employee_774,Engineering,Engineer,"$50,000 ",10,5,
EMP1775,Employee_775,Engineering,Engineer,"$150,000 ",10,5,
EMP1776,Employee_776,Sales,Specialist,"$70,000 ",,1,
EMP1777,Employee_777,HR,Manager,"$45,000 ",15,,1/10/2020
EMP1778,Employee_778,Marketing,Manager,"$50,000 ",20,,7/20/2017
EMP1779,Employee_779,Marketing,Analyst,"$45,000 ",,1,6/25/2019
EMP1780,Employee_780,Customer Support,Executive,"$60,000 ",20,5,7/20/2017
EMP1781,Employee_781,Engineering,Manager,"$45,000 ",3,1,3/30/2018
EMP1782,Employee_782,HR,Coordinator,"$120,000 ",5,2,3/30/2018
EMP1783,Employee_783,Engineering,Executive,"$50,000 ",,2,6/25/2019
EMP1784,Employee_784,Customer Support,Manager,"$60,000 ",10,4,9/15/2021
EMP1785,Employee_785,Engineering,Specialist,"$150,000 ",15,3,1/10/2020
EMP1786,Employee_786,HR,Analyst,"$70,000 ",,5,1/10/2020
EMP1787,Employee_787,Marketing,specialist,"$70,000 ",3,4,7/20/2017
EMP1788,Employee_788,Engineering,Manager,Unknown,15,,
EMP1789,Employee_789,Finance,Manager,,1,5,
EMP1790,Employee_790,Sales,Engineer,,20,1,3/30/2018
EMP1791,Employee_791,HR,Executive,"$70,000 ",15,5,6/25/2019
EMP1792,Employee_792,Sales,Coordinator,"$70,000 ",20,,9/15/2021
EMP1793,Employee_793,Engineering,Analyst,"$45,000 ",10,4,9/15/2021
EMP1794,Employee_794,Customer Support,Manager,"$45,000 ",15,2,7/20/2017
EMP1795,Employee_795,Sales,Engineer,"$120,000 ",10,1,9/15/2021
EMP1796,Employee_796,HR,Engineer,"$120,000 ",20,,6/25/2019
EMP1797,Employee_797,Sales,Specialist,"$120,000 ",5,3,3/30/2018
EMP1798,Employee_798,Sales,Manager,"$150,000 ",15,5,9/15/2021
EMP1799,Employee_799,Customer Support,Analyst,"$45,000 ",15,,3/30/2018
EMP1800,Employee_800,Sales,Executive,"$70,000 ",20,1,3/30/2018
EMP1801,Employee_801,Finance,Specialist,"$60,000 ",3,3,7/20/2017
EMP1802,Employee_802,Customer Support,Coordinator,,5,4,6/25/2019
EMP1803,Employee_803,Sales,Specialist,"$45,000 ",1,4,7/20/2017
EMP1804,Employee_804,Customer Support,Analyst,"$120,000 ",,2,9/15/2021
EMP1805,Employee_805,HR,Analyst,"$50,000 ",15,,6/25/2019
EMP1806,Employee_806,Customer Support,Specialist,"$70,000 ",3,1,6/25/2019
EMP1807,Employee_807,Customer Support,Analyst,"$70,000 ",3,4,9/15/2021
EMP1808,Employee_808,Engineering,Manager,,1,5,9/15/2021
EMP1809,Employee_809,Finance,Engineer,"$150,000 ",10,3,7/20/2017
EMP1810,Employee_810,Engineering,Executive,"$45,000 ",3,3,7/20/2017
EMP1811,Employee_811,Sales,analyst,"$60,000 ",10,1,3/30/2018
EMP1812,Employee_812,Finance,Analyst,"$60,000 ",20,4,9/15/2021
EMP1813,Employee_813,Customer Support,Specialist,"$70,000 ",10,2,3/30/2018
EMP1814,Employee_814,Engineering,Coordinator,"$60,000 ",15,4,7/20/2017
EMP1815,Employee_815,HR,Executive,Unknown,15,1,1/10/2020
EMP1816,Employee_816,Sales,Manager,"$70,000 ",5,3,1/10/2020
EMP1817,Employee_817,HR,Specialist,,10,2,
EMP1818,Employee_818,HR,Analyst,"$120,000 ",5,4,9/15/2021
EMP1819,Employee_819,Sales,Executive,"$50,000 ",1,5,7/20/2017
EMP1820,Employee_820,Engineering,executive,"$150,000 ",3,1,9/15/2021
EMP1821,Employee_821,Customer Support,Specialist,Unknown,10,2,9/15/2021
EMP1822,Employee_822,Customer Support,Executive,"$150,000 ",3,5,3/30/2018
EMP1823,Employee_823,Sales,Engineer,Unknown,10,2,9/15/2021
EMP1824,Employee_824,Marketing,Specialist,"$150,000 ",3,2,1/10/2020
EMP1825,Employee_825,HR,Analyst,"$50,000 ",10,3,3/30/2018
EMP1826,Employee_826,Marketing,executive,"$120,000 ",1,4,7/20/2017
EMP1827,Employee_827,Finance,Executive,"$120,000 ",3,1,6/25/2019
EMP1828,Employee_828,HR,Specialist,Unknown,20,4,9/15/2021
EMP1829,Employee_829,Sales,Specialist,Unknown,3,,7/20/2017
EMP1830,Employee_830,Finance,Executive,"$45,000 ",1,1,3/30/2018
EMP1831,Employee_831,Customer Support,Coordinator,,15,,6/25/2019
EMP1832,Employee_832,Sales,Engineer,"$70,000 ",5,2,
EMP1833,Employee_833,Engineering,Specialist,"$45,000 ",1,1,9/15/2021
EMP1834,Employee_834,Finance,Analyst,Unknown,3,1,9/15/2021
EMP1835,Employee_835,Customer Support,Coordinator,,1,2,6/25/2019
EMP1836,Employee_836,Marketing,Coordinator,"$50,000 ",5,4,9/15/2021
EMP1837,Employee_837,Finance,executive,"$45,000 ",20,4,3/30/2018
EMP1838,Employee_838,Engineering,Analyst,"$50,000 ",15,4,6/25/2019
EMP1839,Employee_839,Finance,Coordinator,"$60,000 ",,3,7/20/2017
EMP1840,Employee_840,Customer Support,Executive,"$50,000 ",3,4,6/25/2019
EMP1841,Employee_841,Sales,Manager,"$50,000 ",5,,3/30/2018
EMP1842,Employee_842,Marketing,Specialist,"$45,000 ",10,4,3/30/2018
EMP1843,Employee_843,Customer Support,Coordinator,"$120,000 ",15,4,3/30/2018
EMP1844,Employee_844,Engineering,Executive,,,5,3/30/2018
EMP1845,Employee_845,Engineering,Manager,,3,4,7/20/2017
EMP1846,Employee_846,Finance,Analyst,"$60,000 ",20,3,7/20/2017
EMP1847,Employee_847,Engineering,Executive,"$60,000 ",15,3,3/30/2018
EMP1848,Employee_848,HR,Specialist,"$50,000 ",1,,
EMP1849,Employee_849,Engineering,Engineer,"$50,000 ",3,5,6/25/2019
EMP1850,Employee_850,Marketing,Engineer,,3,,
EMP1851,Employee_851,Marketing,Specialist,"$70,000 ",10,2,7/20/2017
EMP1852,Employee_852,Customer Support,Specialist,"$50,000 ",15,,9/15/2021
EMP1853,Employee_853,Finance,Analyst,"$150,000 ",5,2,6/25/2019
EMP1854,Employee_854,Marketing,Coordinator,"$70,000 ",,5,9/15/2021
EMP1855,Employee_855,Marketing,Manager,"$150,000 ",15,1,9/15/2021
EMP1856,Employee_856,Engineering,Manager,,10,5,1/10/2020
EMP1857,Employee_857,Customer Support,Manager,,1,1,9/15/2021
EMP1858,Employee_858,Customer Support,Engineer,,1,,
EMP1859,Employee_859,HR,analyst,,15,1,6/25/2019
EMP1860,Employee_860,Marketing,Coordinator,"$60,000 ",5,5,3/30/2018
EMP1861,Employee_861,Engineering,Engineer,"$50,000 ",3,2,3/30/2018
EMP1862,Employee_862,Sales,Executive,"$70,000 ",10,2,6/25/2019
EMP1863,Employee_863,Marketing,Specialist,"$60,000 ",20,5,3/30/2018
EMP1864,Employee_864,Marketing,Coordinator,"$120,000 ",,2,
EMP1865,Employee_865,Sales,Manager,"$120,000 ",20,4,1/10/2020
EMP1866,Employee_866,Engineering,analyst,"$60,000 ",,2,
EMP1867,Employee_867,Engineering,Analyst,,1,2,6/25/2019
EMP1868,Employee_868,Customer Support,Engineer,"$150,000 ",5,2,1/10/2020
EMP1869,Employee_869,Marketing,Analyst,"$60,000 ",15,3,6/25/2019
EMP1870,Employee_870,Finance,Executive,"$50,000 ",15,5,1/10/2020
EMP1871,Employee_871,Customer Support,Executive,"$120,000 ",10,2,1/10/2020
EMP1872,Employee_872,Customer Support,Coordinator,"$70,000 ",10,3,7/20/2017
EMP1873,Employee_873,Customer Support,Analyst,"$70,000 ",15,3,3/30/2018
EMP1874,Employee_874,Finance,Coordinator,Unknown,3,1,3/30/2018
EMP1875,Employee_875,HR,Specialist,"$150,000 ",5,1,
EMP1876,Employee_876,Customer Support,Engineer,,20,3,
EMP1877,Employee_877,Customer Support,Specialist,"$60,000 ",3,1,7/20/2017
EMP1878,Employee_878,Engineering,Executive,"$60,000 ",10,3,9/15/2021
EMP1879,Employee_879,HR,coordinator,"$150,000 ",3,,
EMP1880,Employee_880,Engineering,Specialist,Unknown,20,4,7/20/2017
EMP1881,Employee_881,Engineering,Engineer,"$50,000 ",1,5,9/15/2021
EMP1882,Employee_882,Engineering,Coordinator,"$150,000 ",15,4,
EMP1883,Employee_883,Engineering,coordinator,,,4,3/30/2018
EMP1884,Employee_884,Finance,Specialist,"$50,000 ",5,2,3/30/2018
EMP1885,Employee_885,Finance,Engineer,"$50,000 ",1,3,1/10/2020
EMP1886,Employee_886,Marketing,Manager,"$50,000 ",5,5,
EMP1887,Employee_887,Customer Support,Analyst,"$150,000 ",20,,3/30/2018
EMP1888,Employee_888,HR,Executive,,3,2,1/10/2020
EMP1889,Employee_889,HR,Specialist,"$60,000 ",20,2,3/30/2018
EMP1890,Employee_890,Customer Support,Coordinator,"$60,000 ",3,2,1/10/2020
EMP1891,Employee_891,Finance,Executive,"$70,000 ",5,4,6/25/2019
EMP1892,Employee_892,HR,Manager,"$120,000 ",,3,6/25/2019
EMP1893,Employee_893,Sales,Specialist,"$50,000 ",10,3,7/20/2017
EMP1894,Employee_894,Customer Support,Engineer,,15,5,
EMP1895,Employee_895,Marketing,Analyst,"$120,000 ",1,3,6/25/2019
EMP1896,Employee_896,Customer Support,Coordinator,"$45,000 ",20,5,7/20/2017
EMP1897,Employee_897,Finance,Analyst,"$45,000 ",,2,7/20/2017
EMP1898,Employee_898,Customer Support,Analyst,Unknown,3,1,3/30/2018
EMP1899,Employee_899,Customer Support,engineer,"$120,000 ",3,,3/30/2018
EMP1900,Employee_900,Customer Support,Coordinator,,15,1,9/15/2021
EMP1901,Employee_901,Customer Support,coordinator,"$150,000 ",1,,9/15/2021
EMP1902,Employee_902,Customer Support,specialist,"$150,000 ",5,4,6/25/2019
EMP1903,Employee_903,Customer Support,Manager,"$120,000 ",5,1,1/10/2020
EMP1904,Employee_904,Marketing,Coordinator,"$45,000 ",5,,7/20/2017
EMP1905,Employee_905,Customer Support,Executive,"$50,000 ",1,5,7/20/2017
EMP1906,Employee_906,Sales,Manager,"$70,000 ",10,1,1/10/2020
EMP1907,Employee_907,Customer Support,Analyst,"$45,000 ",10,4,7/20/2017
EMP1908,Employee_908,Marketing,Specialist,Unknown,20,3,3/30/2018
EMP1909,Employee_909,Marketing,Engineer,"$70,000 ",15,2,1/10/2020
EMP1910,Employee_910,HR,Executive,"$120,000 ",3,2,1/10/2020
EMP1911,Employee_911,Engineering,Specialist,"$150,000 ",,2,6/25/2019
EMP1912,Employee_912,Finance,Coordinator,"$70,000 ",5,2,9/15/2021
EMP1913,Employee_913,Marketing,Analyst,"$45,000 ",10,5,3/30/2018
EMP1914,Employee_914,Engineering,Analyst,"$70,000 ",3,3,7/20/2017
EMP1915,Employee_915,Marketing,Executive,"$120,000 ",1,,1/10/2020
EMP1916,Employee_916,HR,Manager,"$150,000 ",5,,7/20/2017
EMP1917,Employee_917,Finance,Coordinator,"$50,000 ",3,1,6/25/2019
EMP1918,Employee_918,HR,Executive,,1,5,6/25/2019
EMP1919,Employee_919,HR,Executive,"$45,000 ",20,2,6/25/2019
EMP1920,Employee_920,Engineering,Executive,"$150,000 ",10,3,3/30/2018
EMP1921,Employee_921,Engineering,Engineer,"$120,000 ",10,5,3/30/2018
EMP1922,Employee_922,HR,Manager,"$70,000 ",15,1,
EMP1923,Employee_923,Marketing,Executive,"$70,000 ",3,4,3/30/2018
EMP1924,Employee_924,Engineering,engineer,"$50,000 ",1,3,1/10/2020
EMP1925,Employee_925,Customer Support,Coordinator,"$70,000 ",5,5,3/30/2018
EMP1926,Employee_926,Engineering,Analyst,"$60,000 ",1,4,9/15/2021
EMP1927,Employee_927,Customer Support,Analyst,,5,3,
EMP1928,Employee_928,Engineering,Analyst,"$120,000 ",,,3/30/2018
EMP1929,Employee_929,Marketing,Engineer,"$45,000 ",5,2,7/20/2017
EMP1930,Employee_930,Customer Support,Engineer,,20,3,1/10/2020
EMP1931,Employee_931,Sales,Manager,"$60,000 ",10,,1/10/2020
EMP1932,Employee_932,Sales,Analyst,"$45,000 ",15,5,9/15/2021
EMP1933,Employee_933,Sales,Executive,"$60,000 ",1,,1/10/2020
EMP1934,Employee_934,Sales,Specialist,"$150,000 ",20,,
EMP1935,Employee_935,Engineering,Engineer,"$120,000 ",10,1,3/30/2018
EMP1936,Employee_936,Sales,Specialist,"$50,000 ",5,2,9/15/2021
EMP1937,Employee_937,Sales,Analyst,"$60,000 ",5,,3/30/2018
EMP1938,Employee_938,Customer Support,specialist,"$60,000 ",1,4,7/20/2017
EMP1939,Employee_939,HR,Specialist,"$60,000 ",,4,9/15/2021
EMP1940,Employee_940,Finance,Analyst,"$60,000 ",5,5,7/20/2017
EMP1941,Employee_941,Engineering,Coordinator,"$50,000 ",,3,7/20/2017
EMP1942,Employee_942,Finance,Engineer,Unknown,,5,3/30/2018
EMP1943,Employee_943,Engineering,Coordinator,,3,4,7/20/2017
EMP1944,Employee_944,Finance,Manager,,,5,7/20/2017
EMP1945,Employee_945,Finance,Specialist,"$120,000 ",3,2,3/30/2018
EMP1946,Employee_946,Marketing,Executive,"$150,000 ",3,2,7/20/2017
EMP1947,Employee_947,Marketing,engineer,"$60,000 ",20,2,1/10/2020
EMP1948,Employee_948,Marketing,Coordinator,"$45,000 ",20,,1/10/2020
EMP1949,Employee_949,Engineering,Coordinator,"$150,000 ",10,2,3/30/2018
EMP1950,Employee_950,Sales,Manager,"$70,000 ",,3,3/30/2018
EMP1951,Employee_951,Sales,Manager,"$150,000 ",3,1,7/20/2017
EMP1952,Employee_952,Finance,Specialist,"$60,000 ",10,5,1/10/2020
EMP1953,Employee_953,Finance,Executive,"$120,000 ",3,1,
EMP1954,Employee_954,Finance,Specialist,"$70,000 ",5,1,6/25/2019
EMP1955,Employee_955,HR,Analyst,"$120,000 ",5,2,1/10/2020
EMP1956,Employee_956,Finance,Specialist,"$60,000 ",10,5,7/20/2017
EMP1957,Employee_957,Marketing,Specialist,"$120,000 ",15,,
EMP1958,Employee_958,Sales,Coordinator,"$60,000 ",5,1,1/10/2020
EMP1959,Employee_959,HR,Analyst,"$120,000 ",,,
EMP1960,Employee_960,Engineering,Engineer,"$60,000 ",10,1,7/20/2017
EMP1961,Employee_961,Customer Support,Analyst,"$70,000 ",,2,
EMP1962,Employee_962,Marketing,Engineer,"$120,000 ",3,2,6/25/2019
EMP1963,Employee_963,Sales,Coordinator,"$50,000 ",5,,6/25/2019
EMP1964,Employee_964,HR,Coordinator,"$70,000 ",10,3,
EMP1965,Employee_965,Engineering,Coordinator,"$120,000 ",1,3,1/10/2020
EMP1966,Employee_966,Customer Support,Coordinator,"$150,000 ",,4,6/25/2019
EMP1967,Employee_967,Marketing,Manager,"$150,000 ",,2,1/10/2020
EMP1968,Employee_968,HR,Specialist,"$60,000 ",10,1,1/10/2020
EMP1969,Employee_969,Customer Support,Analyst,"$150,000 ",,,6/25/2019
EMP1970,Employee_970,Customer Support,Engineer,"$60,000 ",5,4,
EMP1971,Employee_971,Customer Support,Coordinator,Unknown,5,4,3/30/2018
EMP1972,Employee_972,Sales,Specialist,"$50,000 ",15,,
EMP1973,Employee_973,Customer Support,coordinator,Unknown,10,1,1/10/2020
EMP1974,Employee_974,Sales,coordinator,"$70,000 ",15,2,
EMP1975,Employee_975,Sales,Engineer,,10,1,
EMP1976,Employee_976,HR,Analyst,"$60,000 ",3,3,6/25/2019
EMP1977,Employee_977,Engineering,Specialist,"$120,000 ",3,2,1/10/2020
EMP1978,Employee_978,Marketing,Executive,,5,3,1/10/2020
EMP1979,Employee_979,HR,Manager,"$70,000 ",5,4,6/25/2019
EMP1980,Employee_980,HR,Specialist,"$70,000 ",20,3,
EMP1981,Employee_981,HR,Manager,"$50,000 ",10,,3/30/2018
EMP1982,Employee_982,Marketing,Specialist,,1,4,7/20/2017
EMP1983,Employee_983,Sales,Analyst,,5,2,7/20/2017
EMP1984,Employee_984,Engineering,Executive,"$150,000 ",15,,6/25/2019
EMP1985,Employee_985,Sales,Specialist,"$70,000 ",5,4,1/10/2020
EMP1986,Employee_986,Finance,analyst,Unknown,20,3,6/25/2019
EMP1987,Employee_987,Finance,Coordinator,"$50,000 ",10,1,6/25/2019
EMP1988,Employee_988,Finance,Executive,"$45,000 ",,3,7/20/2017
EMP1989,Employee_989,Sales,Engineer,"$120,000 ",3,4,3/30/2018
EMP1990,Employee_990,Finance,Engineer,,3,5,1/10/2020
EMP1991,Employee_991,Sales,Analyst,"$120,000 ",20,3,1/10/2020
EMP1992,Employee_992,HR,Engineer,,10,3,
EMP1993,Employee_993,Marketing,Coordinator,,15,,
EMP1994,Employee_994,Customer Support,Manager,"$50,000 ",,,3/30/2018
EMP1995,Employee_995,Customer Support,Engineer,"$150,000 ",1,,
EMP1996,Employee_996,Sales,Executive,"$120,000 ",20,1,
EMP1997,Employee_997,Engineering,Manager,"$120,000 ",,5,
EMP1998,Employee_998,Sales,specialist,"$60,000 ",5,2,7/20/2017
EMP1999,Employee_999,Engineering,Manager,"$45,000 ",10,,
EMP1521,Employee_521,HR,analyst,"$70,000 ",1,5,7/20/2017
EMP1737,Employee_737,Sales,engineer,"$60,000 ",3,4,
EMP1740,Employee_740,Marketing,coordinator,,15,1,6/25/2019
EMP1660,Employee_660,Finance,specialist,"$120,000 ",3,1,
EMP1411,Employee_411,Marketing,coordinator,"$60,000 ",5,1,6/25/2019
EMP1678,Employee_678,Customer Support,manager,"$60,000 ",20,3,7/20/2017
EMP1626,Employee_626,Engineering,specialist,"$45,000 ",3,2,7/20/2017
EMP1513,Employee_513,Sales,specialist,"$45,000 ",1,4,1/10/2020
EMP1859,Employee_859,HR,analyst,,15,1,6/25/2019
EMP1136,Employee_136,Marketing,coordinator,"$120,000 ",5,5,9/15/2021
EMP1811,Employee_811,Sales,analyst,"$60,000 ",10,1,3/30/2018
EMP1076,Employee_76,Engineering,manager,"$70,000 ",20,3,7/20/2017
EMP1636,Employee_636,HR,engineer,"$50,000 ",15,2,
EMP1973,Employee_973,Customer Support,coordinator,"$150,000 ",10,1,1/10/2020
EMP1938,Employee_938,Customer Support,specialist,"$60,000 ",1,4,7/20/2017
EMP1899,Employee_899,Customer Support,engineer,"$120,000 ",3,,3/30/2018
EMP1280,Employee_280,Customer Support,engineer,"$120,000 ",1,,
EMP1883,Employee_883,Engineering,coordinator,,,4,3/30/2018
EMP1761,Employee_761,Finance,analyst,"$50,000 ",15,5,9/15/2021
EMP1319,Employee_319,Marketing,specialist,"$50,000 ",,5,3/30/2018
